症状名（PT名）,SOC名,症状名,PT名
悪心・嘔吐(悪心),胃腸障害,悪心・嘔吐,悪心
胃食道逆流性疾患(胃食道逆流性疾患),胃腸障害,胃食道逆流性疾患,胃食道逆流性疾患
胃腸障害(胃腸障害),胃腸障害,胃腸障害,胃腸障害
胃潰瘍(胃潰瘍),胃腸障害,胃潰瘍,胃潰瘍
腹痛(下腹部痛),胃腸障害,腹痛,下腹部痛
下痢・軟便(下痢),胃腸障害,下痢・軟便,下痢
虚血性大腸炎(虚血性大腸炎),胃腸障害,虚血性大腸炎,虚血性大腸炎
下血・血便(血便排泄),胃腸障害,下血・血便,血便排泄
口の感覚鈍麻(口の感覚鈍麻),胃腸障害,口の感覚鈍麻,口の感覚鈍麻
口の錯感覚(口の錯感覚),胃腸障害,口の錯感覚,口の錯感覚
口腔そう痒症(口腔そう痒症),胃腸障害,口腔そう痒症,口腔そう痒症
口腔知覚不全(口腔知覚不全),胃腸障害,口腔知覚不全,口腔知覚不全
口腔内出血(口腔内出血),胃腸障害,口腔内出血,口腔内出血
口腔内痛(口腔内痛),胃腸障害,口腔内痛,口腔内痛
口腔咽頭不快感(口腔内不快感),胃腸障害,口腔咽頭不快感,口腔内不快感
口腔粘膜血腫(口腔粘膜血腫),胃腸障害,口腔粘膜血腫,口腔粘膜血腫
口腔粘膜紅斑(口腔粘膜紅斑),胃腸障害,口腔粘膜紅斑,口腔粘膜紅斑
口腔腫脹・口腔浮腫(口腔浮腫),胃腸障害,口腔腫脹・口腔浮腫,口腔浮腫
口唇腫脹・口唇浮腫(口唇炎),胃腸障害,口唇腫脹・口唇浮腫,口唇炎
口唇紅斑(口唇紅斑),胃腸障害,口唇紅斑,口唇紅斑
口唇腫脹・口唇浮腫(口唇腫脹),胃腸障害,口唇腫脹・口唇浮腫,口唇腫脹
口唇痛(口唇痛),胃腸障害,口唇痛,口唇痛
口唇腫脹・口唇浮腫(口唇浮腫),胃腸障害,口唇腫脹・口唇浮腫,口唇浮腫
口内炎(口内炎),胃腸障害,口内炎,口内炎
歯痛(歯痛),胃腸障害,歯痛,歯痛
歯肉腫脹(歯肉腫脹),胃腸障害,歯肉腫脹,歯肉腫脹
歯肉出血(歯肉出血),胃腸障害,歯肉出血,歯肉出血
耳下腺腫大(耳下腺腫大),胃腸障害,耳下腺腫大,耳下腺腫大
小腸炎(小腸炎),胃腸障害,小腸炎,小腸炎
消化管運動過剰(消化管運動過剰),胃腸障害,消化管運動過剰,消化管運動過剰
消化不良(消化不良),胃腸障害,消化不良,消化不良
消化管出血(上部消化管出血),胃腸障害,消化管出血,上部消化管出血
腹痛(上腹部痛),胃腸障害,腹痛,上腹部痛
心窩部不快感(心窩部不快感),胃腸障害,心窩部不快感,心窩部不快感
舌腫脹(舌腫脹),胃腸障害,舌腫脹,舌腫脹
舌痛(舌痛),胃腸障害,舌痛,舌痛
舌不快感(舌不快感),胃腸障害,舌不快感,舌不快感
舌浮腫(舌浮腫),胃腸障害,舌浮腫,舌浮腫
唾液腺結石(唾液腺結石),胃腸障害,唾液腺結石,唾液腺結石
唾液腺痛(唾液腺痛),胃腸障害,唾液腺痛,唾液腺痛
大腸炎(大腸炎),胃腸障害,大腸炎,大腸炎
腸炎(腸炎),胃腸障害,腸炎,腸炎
潰瘍性大腸炎(潰瘍性大腸炎),胃腸障害,潰瘍性大腸炎,潰瘍性大腸炎
下痢・軟便(軟便),胃腸障害,下痢・軟便,軟便
腹痛(腹痛),胃腸障害,腹痛,腹痛
腹部不快感(腹部不快感),胃腸障害,腹部不快感,腹部不快感
腹部膨満(腹部膨満),胃腸障害,腹部膨満,腹部膨満
便意切迫(便意切迫),胃腸障害,便意切迫,便意切迫
流涎過多(流涎過多),胃腸障害,流涎過多,流涎過多
悪心・嘔吐(嘔吐) ,胃腸障害,悪心・嘔吐,嘔吐
嚥下障害(嚥下障害) ,胃腸障害,嚥下障害,嚥下障害
インフルエンザ様疾患(インフルエンザ様疾患) ,一般・全身障害および投与部位の状態,インフルエンザ様疾患,インフルエンザ様疾患
接種部位そう痒感(ワクチン接種部位そう痒感) ,一般・全身障害および投与部位の状態,接種部位そう痒感,ワクチン接種部位そう痒感
接種部位リンパ節腫脹(ワクチン接種部位リンパ節腫脹) ,一般・全身障害および投与部位の状態,接種部位リンパ節腫脹,ワクチン接種部位リンパ節腫脹
注射部位壊死又は注射部位潰瘍(ワクチン接種部位壊死) ,一般・全身障害および投与部位の状態,注射部位壊死又は注射部位潰瘍,ワクチン接種部位壊死
ワクチン接種部位関節痛(ワクチン接種部位関節痛) ,一般・全身障害および投与部位の状態,ワクチン接種部位関節痛,ワクチン接種部位関節痛
接種部位硬結(ワクチン接種部位硬結) ,一般・全身障害および投与部位の状態,接種部位硬結,ワクチン接種部位硬結
接種部位腫脹(ワクチン接種部位腫脹) ,一般・全身障害および投与部位の状態,接種部位腫脹,ワクチン接種部位腫脹
知覚異常(ワクチン接種部位知覚異常) ,一般・全身障害および投与部位の状態,知覚異常,ワクチン接種部位知覚異常
接種部位熱感(ワクチン接種部位熱感) ,一般・全身障害および投与部位の状態,接種部位熱感,ワクチン接種部位熱感
接種部位発疹(ワクチン接種部位発疹) ,一般・全身障害および投与部位の状態,接種部位発疹,ワクチン接種部位発疹
接種部位不快感(ワクチン接種部位不快感) ,一般・全身障害および投与部位の状態,接種部位不快感,ワクチン接種部位不快感
接種部位疼痛(ワクチン接種部位疼痛) ,一般・全身障害および投与部位の状態,接種部位疼痛,ワクチン接種部位疼痛
接種部位蕁麻疹(ワクチン接種部位蕁麻疹) ,一般・全身障害および投与部位の状態,接種部位蕁麻疹,ワクチン接種部位蕁麻疹
ワクチン接種関連肩損傷(ワクチン投与関連肩損傷) ,一般・全身障害および投与部位の状態,ワクチン接種関連肩損傷,ワクチン投与関連肩損傷
悪寒(悪寒) ,一般・全身障害および投与部位の状態,悪寒,悪寒
疼痛(圧痛) ,一般・全身障害および投与部位の状態,疼痛,圧痛
異常感(異常感) ,一般・全身障害および投与部位の状態,異常感,異常感
異常高熱(異常高熱) ,一般・全身障害および投与部位の状態,異常高熱,異常高熱
異物感(異物感) ,一般・全身障害および投与部位の状態,異物感,異物感
炎症(炎症) ,一般・全身障害および投与部位の状態,炎症,炎症
顔面腫脹(顔面腫脹) ,一般・全身障害および投与部位の状態,顔面腫脹,顔面腫脹
顔面痛(顔面痛) ,一般・全身障害および投与部位の状態,顔面痛,顔面痛
顔面浮腫(顔面浮腫) ,一般・全身障害および投与部位の状態,顔面浮腫,顔面浮腫
狭窄(狭窄) ,一般・全身障害および投与部位の状態,狭窄,狭窄
胸痛(胸痛) ,一般・全身障害および投与部位の状態,胸痛,胸痛
胸部不快感(胸部不快感) ,一般・全身障害および投与部位の状態,胸部不快感,胸部不快感
局所反応(局所反応) ,一般・全身障害および投与部位の状態,局所反応,局所反応
苦悶感(苦悶感) ,一般・全身障害および投与部位の状態,苦悶感,苦悶感
倦怠感(倦怠感) ,一般・全身障害および投与部位の状態,倦怠感,倦怠感
口渇(口渇) ,一般・全身障害および投与部位の状態,口渇,口渇
硬結(硬結) ,一般・全身障害および投与部位の状態,硬結,硬結
死亡(死亡) ,一般・全身障害および投与部位の状態,死亡,死亡
腫脹(腫脹) ,一般・全身障害および投与部位の状態,腫脹,腫脹
腫瘤(腫瘤) ,一般・全身障害および投与部位の状態,腫瘤,腫瘤
状態悪化(状態悪化) ,一般・全身障害および投与部位の状態,状態悪化,状態悪化
心原性心停止(心臓死) ,一般・全身障害および投与部位の状態,心原性心停止,心臓死
穿刺部位疼痛(穿刺部位疼痛) ,一般・全身障害および投与部位の状態,穿刺部位疼痛,穿刺部位疼痛
全身症状(全身症状) ,一般・全身障害および投与部位の状態,全身症状,全身症状
体調不良(体調不良) ,一般・全身障害および投与部位の状態,体調不良,体調不良
接種部位紅斑(注射部位紅斑) ,一般・全身障害および投与部位の状態,接種部位紅斑,注射部位紅斑
接種部位知覚低下(注射部位知覚低下) ,一般・全身障害および投与部位の状態,接種部位知覚低下,注射部位知覚低下
接種部位熱感(注射部位熱感) ,一般・全身障害および投与部位の状態,接種部位熱感,注射部位熱感
接種部位疼痛(注射部位疼痛) ,一般・全身障害および投与部位の状態,接種部位疼痛,注射部位疼痛
注入部位紅斑(注入部位紅斑) ,一般・全身障害および投与部位の状態,注入部位紅斑,注入部位紅斑
軟部組織の炎症(軟部組織の炎症) ,一般・全身障害および投与部位の状態,軟部組織の炎症,軟部組織の炎症
熱感(熱感) ,一般・全身障害および投与部位の状態,熱感,熱感
粘膜浮腫(粘膜浮腫) ,一般・全身障害および投与部位の状態,粘膜浮腫,粘膜浮腫
発熱(発熱) ,一般・全身障害および投与部位の状態,発熱,発熱
疲労(疲労) ,一般・全身障害および投与部位の状態,疲労,疲労
気分障害(不快感),一般・全身障害および投与部位の状態,気分障害,不快感
浮腫(浮腫),一般・全身障害および投与部位の状態,浮腫,浮腫
閉塞(閉塞),一般・全身障害および投与部位の状態,閉塞,閉塞
歩行障害(歩行障害),一般・全身障害および投与部位の状態,歩行障害,歩行障害
末梢腫脹(末梢腫脹),一般・全身障害および投与部位の状態,末梢腫脹,末梢腫脹
浮腫(末梢性浮腫),一般・全身障害および投与部位の状態,浮腫,末梢性浮腫
無力症(無力症),一般・全身障害および投与部位の状態,無力症,無力症
冷感(冷感),一般・全身障害および投与部位の状態,冷感,冷感
疼痛(疼痛),一般・全身障害および投与部位の状態,疼痛,疼痛
腋窩痛(腋窩痛),一般・全身障害および投与部位の状態,腋窩痛,腋窩痛
酩酊感(酩酊感),一般・全身障害および投与部位の状態,酩酊感,酩酊感
入院(入院),外科および内科処置,入院,入院
新型コロナウイルス感染症(ＣＯＶＩＤ－１９),感染症および寄生虫症,新型コロナウイルス感染症,ＣＯＶＩＤ－１９
ヘルペス性状湿疹(ヘルペス性状湿疹),感染症および寄生虫症,ヘルペス性状湿疹,ヘルペス性状湿疹
接種部位膿疱(ワクチン接種部位膿疱),感染症および寄生虫症,接種部位膿疱,ワクチン接種部位膿疱
胃腸炎(胃腸炎),感染症および寄生虫症,胃腸炎,胃腸炎
咽頭炎(咽頭炎),感染症および寄生虫症,咽頭炎,咽頭炎
感染(感染),感染症および寄生虫症,感染,感染
口腔ヘルペス(口腔ヘルペス),感染症および寄生虫症,口腔ヘルペス,口腔ヘルペス
口腔膿疱(口腔膿疱),感染症および寄生虫症,口腔膿疱,口腔膿疱
耳下腺炎(耳下腺炎),感染症および寄生虫症,耳下腺炎,耳下腺炎
咽頭炎(上咽頭炎),感染症および寄生虫症,咽頭炎,上咽頭炎
腎盂腎炎(腎盂腎炎),感染症および寄生虫症,腎盂腎炎,腎盂腎炎
水痘(水痘),感染症および寄生虫症,水痘,水痘
脊髄炎(脊髄炎),感染症および寄生虫症,脊髄炎,脊髄炎
前庭神経炎(前庭神経炎),感染症および寄生虫症,前庭神経炎,前庭神経炎
帯状疱疹(帯状疱疹),感染症および寄生虫症,帯状疱疹,帯状疱疹
中耳炎(中耳炎),感染症および寄生虫症,中耳炎,中耳炎
虫垂炎(虫垂炎),感染症および寄生虫症,虫垂炎,虫垂炎
膿性痰(膿性痰),感染症および寄生虫症,膿性痰,膿性痰
肺炎(肺炎),感染症および寄生虫症,肺炎,肺炎
蜂巣炎(蜂巣炎),感染症および寄生虫症,蜂巣炎,蜂巣炎
無菌性髄膜炎(無菌性髄膜炎),感染症および寄生虫症,無菌性髄膜炎,無菌性髄膜炎
膀胱炎(膀胱炎),感染症および寄生虫症,膀胱炎,膀胱炎
肝機能障害(肝機能異常),肝胆道系障害,肝機能障害,肝機能異常
胆管拡張(胆管拡張),肝胆道系障害,胆管拡張,胆管拡張
胆管結石(胆管結石),肝胆道系障害,胆管結石,胆管結石
胆嚢炎(胆嚢炎),肝胆道系障害,胆嚢炎,胆嚢炎
胆嚢腫大(胆嚢腫大),肝胆道系障害,胆嚢腫大,胆嚢腫大
肝機能障害(薬物性肝障害),肝胆道系障害,肝機能障害,薬物性肝障害
そう痒症(眼そう痒症),眼障害,そう痒症,眼そう痒症
眼の異常感(眼の異常感),眼障害,眼の異常感,眼の異常感
眼球浮腫(眼球浮腫),眼障害,眼球浮腫,眼球浮腫
眼充血(眼充血),眼障害,眼充血,眼充血
眼痛(眼痛),眼障害,眼痛,眼痛
眼部腫脹(眼部腫脹),眼障害,眼部腫脹,眼部腫脹
そう痒症(眼瞼そう痒症),眼障害,そう痒症,眼瞼そう痒症
眼瞼機能障害(眼瞼機能障害),眼障害,眼瞼機能障害,眼瞼機能障害
眼瞼紅斑(眼瞼紅斑),眼障害,眼瞼紅斑,眼瞼紅斑
眼瞼刺激(眼瞼刺激),眼障害,眼瞼刺激,眼瞼刺激
眼瞼腫脹(眼瞼腫脹),眼障害,眼瞼腫脹,眼瞼腫脹
眼瞼障害(眼瞼障害),眼障害,眼瞼障害,眼瞼障害
眼瞼浮腫(眼瞼浮腫),眼障害,眼瞼浮腫,眼瞼浮腫
眼瞼痙攣・ミオキニア(眼瞼痙攣),眼障害,眼瞼痙攣・ミオキニア,眼瞼痙攣
眼窩周囲腫脹(眼窩周囲腫脹),眼障害,眼窩周囲腫脹,眼窩周囲腫脹
眼窩周囲痛(眼窩周囲痛),眼障害,眼窩周囲痛,眼窩周囲痛
強膜炎(強膜炎),眼障害,強膜炎,強膜炎
結膜充血(結膜充血),眼障害,結膜充血,結膜充血
結膜出血(結膜出血),眼障害,結膜出血,結膜出血
光視症(光視症),眼障害,光視症,光視症
視力障害・低下(視力障害),眼障害,視力障害・低下,視力障害
閃輝暗点(閃輝暗点),眼障害,閃輝暗点,閃輝暗点
注視麻痺(注視麻痺),眼障害,注視麻痺,注視麻痺
複視(複視),眼障害,複視,複視
霧視(霧視),眼障害,霧視,霧視
網膜出血(網膜出血),眼障害,網膜出血,網膜出血
網膜静脈閉塞(網膜静脈閉塞),眼障害,網膜静脈閉塞,網膜静脈閉塞
流涙障害(流涙増加),眼障害,流涙障害,流涙増加
羞明(羞明),眼障害,羞明,羞明
関節炎(関節炎),筋骨格系および結合組織障害,関節炎,関節炎
関節腫脹(関節腫脹),筋骨格系および結合組織障害,関節腫脹,関節腫脹
関節痛(関節痛),筋骨格系および結合組織障害,関節痛,関節痛
筋炎・筋膜炎(筋炎),筋骨格系および結合組織障害,筋炎・筋膜炎,筋炎
筋緊張(筋緊張),筋骨格系および結合組織障害,筋緊張,筋緊張
筋骨格硬直(筋骨格硬直),筋骨格系および結合組織障害,筋骨格硬直,筋骨格硬直
筋骨格痛(筋骨格痛),筋骨格系および結合組織障害,筋骨格痛,筋骨格痛
筋肉痛(筋肉痛),筋骨格系および結合組織障害,筋肉痛,筋肉痛
筋力低下(筋力低下),筋骨格系および結合組織障害,筋力低下,筋力低下
筋痙縮(筋痙縮),筋骨格系および結合組織障害,筋痙縮,筋痙縮
頚部腫瘤(頚部腫瘤),筋骨格系および結合組織障害,頚部腫瘤,頚部腫瘤
頚部痛(頚部痛),筋骨格系および結合組織障害,頚部痛,頚部痛
四肢痛(四肢痛),筋骨格系および結合組織障害,四肢痛,四肢痛
四肢不快感(四肢不快感),筋骨格系および結合組織障害,四肢不快感,四肢不快感
線維筋痛症(線維筋痛),筋骨格系および結合組織障害,線維筋痛症,線維筋痛
背部痛(背部痛),筋骨格系および結合組織障害,背部痛,背部痛
リンパ節炎(リンパ節炎),血液およびリンパ系障害,リンパ節炎,リンパ節炎
リンパ節腫脹(リンパ節症),血液およびリンパ系障害,リンパ節腫脹,リンパ節症
リンパ節痛(リンパ節痛),血液およびリンパ系障害,リンパ節痛,リンパ節痛
血小板減少症(血小板減少症),血液およびリンパ系障害,血小板減少症,血小板減少症
血小板減少性紫斑病(血小板減少性紫斑病),血液およびリンパ系障害,血小板減少性紫斑病,血小板減少性紫斑病
DIC(播種性血管内凝固),血液およびリンパ系障害,DIC,播種性血管内凝固
白血球減少症(白血球減少症),血液およびリンパ系障害,白血球減少症,白血球減少症
貧血(貧血),血液およびリンパ系障害,貧血,貧血
ショック(ショック),血管障害,ショック,ショック
ショック(ショック症状),血管障害,ショック,ショック症状
チアノーゼ(チアノーゼ),血管障害,チアノーゼ,チアノーゼ
ほてり(ほてり),血管障害,ほてり,ほてり
レイノー現象(レイノー現象),血管障害,レイノー現象,レイノー現象
起立性低血圧(起立性低血圧),血管障害,起立性低血圧,起立性低血圧
血管炎(血管炎),血管障害,血管炎,血管炎
血腫(血腫),血管障害,血腫,血腫
血圧上昇(高血圧),血管障害,血圧上昇,高血圧
高血圧緊急症(高血圧緊急症),血管障害,高血圧緊急症,高血圧緊急症
充血(充血),血管障害,充血,充血
出血(出血),血管障害,出血,出血
ショック(循環虚脱),血管障害,ショック,循環虚脱
深部静脈血栓症(深部静脈血栓症),血管障害,深部静脈血栓症,深部静脈血栓症
蒼白(蒼白),血管障害,蒼白,蒼白
潮紅(潮紅),血管障害,潮紅,潮紅
動脈解離(動脈解離),血管障害,動脈解離,動脈解離
内出血(内出血),血管障害,内出血,内出血
表在性血栓性静脈炎(表在性血栓性静脈炎),血管障害,表在性血栓性静脈炎,表在性血栓性静脈炎
末梢血管障害(末梢血管障害),血管障害,末梢血管障害,末梢血管障害
末梢循環不全(末梢循環不全),血管障害,末梢循環不全,末梢循環不全
冷感(末梢冷感),血管障害,冷感,末梢冷感
あくび(あくび),呼吸器、胸郭および縦隔障害,あくび,あくび
アレルギー性咽頭炎(アレルギー性咽頭炎),呼吸器、胸郭および縦隔障害,アレルギー性咽頭炎,アレルギー性咽頭炎
くしゃみ(くしゃみ),呼吸器、胸郭および縦隔障害,くしゃみ,くしゃみ
ラ音(ラ音),呼吸器、胸郭および縦隔障害,ラ音,ラ音
咽喉絞扼感(咽喉絞扼感),呼吸器、胸郭および縦隔障害,咽喉絞扼感,咽喉絞扼感
咽喉刺激感(咽喉刺激感),呼吸器、胸郭および縦隔障害,咽喉刺激感,咽喉刺激感
咽頭感覚鈍麻(咽頭感覚鈍麻),呼吸器、胸郭および縦隔障害,咽頭感覚鈍麻,咽頭感覚鈍麻
咽頭狭窄(咽頭狭窄),呼吸器、胸郭および縦隔障害,咽頭狭窄,咽頭狭窄
咽頭腫脹(咽頭腫脹),呼吸器、胸郭および縦隔障害,咽頭腫脹,咽頭腫脹
咽頭浮腫(咽頭浮腫),呼吸器、胸郭および縦隔障害,咽頭浮腫,咽頭浮腫
過換気(過換気),呼吸器、胸郭および縦隔障害,過換気,過換気
咳嗽(咳嗽),呼吸器、胸郭および縦隔障害,咳嗽,咳嗽
気管狭窄(気管狭窄),呼吸器、胸郭および縦隔障害,気管狭窄,気管狭窄
気管支けいれん(気管支痙攣),呼吸器、胸郭および縦隔障害,気管支けいれん,気管支痙攣
気胸(気胸),呼吸器、胸郭および縦隔障害,気胸,気胸
急性呼吸窮迫症候群（ARDS）(急性呼吸窮迫症候群),呼吸器、胸郭および縦隔障害,急性呼吸窮迫症候群（ARDS）,急性呼吸窮迫症候群
呼気延長(呼気延長),呼吸器、胸郭および縦隔障害,呼気延長,呼気延長
呼吸障害・呼吸不全(呼吸異常),呼吸器、胸郭および縦隔障害,呼吸障害・呼吸不全,呼吸異常
呼吸器症状(呼吸器症状),呼吸器、胸郭および縦隔障害,呼吸器症状,呼吸器症状
呼吸障害・呼吸不全(呼吸困難),呼吸器、胸郭および縦隔障害,呼吸障害・呼吸不全,呼吸困難
呼吸障害・呼吸不全(呼吸障害),呼吸器、胸郭および縦隔障害,呼吸障害・呼吸不全,呼吸障害
口腔咽頭痛(口腔咽頭痛),呼吸器、胸郭および縦隔障害,口腔咽頭痛,口腔咽頭痛
口腔咽頭不快感(口腔咽頭不快感),呼吸器、胸郭および縦隔障害,口腔咽頭不快感,口腔咽頭不快感
口腔咽頭浮腫(口腔咽頭浮腫),呼吸器、胸郭および縦隔障害,口腔咽頭浮腫,口腔咽頭浮腫
喉頭刺激感(喉頭刺激感),呼吸器、胸郭および縦隔障害,喉頭刺激感,喉頭刺激感
喉頭不快感(喉頭不快感),呼吸器、胸郭および縦隔障害,喉頭不快感,喉頭不快感
喉頭浮腫(喉頭浮腫),呼吸器、胸郭および縦隔障害,喉頭浮腫,喉頭浮腫
失声症(失声症),呼吸器、胸郭および縦隔障害,失声症,失声症
咳嗽(湿性咳嗽),呼吸器、胸郭および縦隔障害,咳嗽,湿性咳嗽
上気道閉塞(上気道閉塞),呼吸器、胸郭および縦隔障害,上気道閉塞,上気道閉塞
窒息感(息詰まり感),呼吸器、胸郭および縦隔障害,窒息感,息詰まり感
窒息(窒息),呼吸器、胸郭および縦隔障害,窒息,窒息
肺塞栓症(肺塞栓症),呼吸器、胸郭および縦隔障害,肺塞栓症,肺塞栓症
発声障害(発声障害),呼吸器、胸郭および縦隔障害,発声障害,発声障害
鼻出血(鼻出血),呼吸器、胸郭および縦隔障害,鼻出血,鼻出血
鼻部不快感(鼻部不快感),呼吸器、胸郭および縦隔障害,鼻部不快感,鼻部不快感
鼻閉(鼻閉),呼吸器、胸郭および縦隔障害,鼻閉,鼻閉
鼻漏(鼻漏),呼吸器、胸郭および縦隔障害,鼻漏,鼻漏
呼吸障害・呼吸不全(頻呼吸),呼吸器、胸郭および縦隔障害,呼吸障害・呼吸不全,頻呼吸
閉塞性気道障害(閉塞性気道障害),呼吸器、胸郭および縦隔障害,閉塞性気道障害,閉塞性気道障害
変色痰(変色痰),呼吸器、胸郭および縦隔障害,変色痰,変色痰
無呼吸(無呼吸),呼吸器、胸郭および縦隔障害,無呼吸,無呼吸
無呼吸(無呼吸発作),呼吸器、胸郭および縦隔障害,無呼吸,無呼吸発作
喀痰増加(喀痰増加),呼吸器、胸郭および縦隔障害,喀痰増加,喀痰増加
喘息発作(喘息),呼吸器、胸郭および縦隔障害,喘息発作,喘息
喘鳴(喘鳴),呼吸器、胸郭および縦隔障害,喘鳴,喘鳴
痰貯留(痰貯留),呼吸器、胸郭および縦隔障害,痰貯留,痰貯留
回転性めまい(回転性めまい),耳および迷路障害,回転性めまい,回転性めまい
感音性難聴(感音性難聴),耳および迷路障害,感音性難聴,感音性難聴
そう痒症(耳そう痒症),耳および迷路障害,そう痒症,耳そう痒症
耳痛(耳痛),耳および迷路障害,耳痛,耳痛
耳不快感(耳不快感),耳および迷路障害,耳不快感,耳不快感
耳鳴(耳鳴),耳および迷路障害,耳鳴,耳鳴
乗物酔い(乗物酔い),耳および迷路障害,乗物酔い,乗物酔い
聴覚障害(聴覚障害),耳および迷路障害,聴覚障害,聴覚障害
聴力低下(聴力低下),耳および迷路障害,聴力低下,聴力低下
回転性めまい(頭位性回転性めまい),耳および迷路障害,回転性めまい,頭位性回転性めまい
突発性難聴(突発性難聴),耳および迷路障害,突発性難聴,突発性難聴
難聴(難聴),耳および迷路障害,難聴,難聴
舌損傷(舌損傷),傷害、中毒および処置合併症,舌損傷,舌損傷
転倒(転倒),傷害、中毒および処置合併症,転倒,転倒
動脈損傷(動脈損傷),傷害、中毒および処置合併症,動脈損傷,動脈損傷
期外収縮(期外収縮),心臓障害,期外収縮,期外収縮
急性冠症候群(急性冠動脈症候群),心臓障害,急性冠症候群,急性冠動脈症候群
心筋梗塞(急性心筋梗塞),心臓障害,心筋梗塞,急性心筋梗塞
急性心不全(急性心不全),心臓障害,急性心不全,急性心不全
狭心症(狭心症),心臓障害,狭心症,狭心症
徐脈(徐脈),心臓障害,徐脈,徐脈
頻脈(上室性頻脈),心臓障害,頻脈,上室性頻脈
心筋炎(心筋炎),心臓障害,心筋炎,心筋炎
心筋梗塞(心筋梗塞),心臓障害,心筋梗塞,心筋梗塞
心室細動(心室細動),心臓障害,心室細動,心室細動
期外収縮(心室性期外収縮),心臓障害,期外収縮,心室性期外収縮
心肺停止(心肺停止),心臓障害,心肺停止,心肺停止
心不全(心不全),心臓障害,心不全,心不全
心膜炎(心膜炎),心臓障害,心膜炎,心膜炎
動悸(動悸),心臓障害,動悸,動悸
洞性頻脈(洞性頻脈),心臓障害,洞性頻脈,洞性頻脈
頻脈(頻脈),心臓障害,頻脈,頻脈
不安定狭心症(不安定狭心症),心臓障害,不安定狭心症,不安定狭心症
不整脈(不整脈),心臓障害,不整脈,不整脈
ギラン・バレ症候群(ギラン・バレー症候群),神経系障害,ギラン・バレ症候群,ギラン・バレー症候群
くも膜下出血(くも膜下出血),神経系障害,くも膜下出血,くも膜下出血
ジスキネジア(ジスキネジア),神経系障害,ジスキネジア,ジスキネジア
てんかん(てんかん),神経系障害,てんかん,てんかん
もやもや病(もやもや病),神経系障害,もやもや病,もやもや病
意識障害(意識レベルの低下),神経系障害,意識障害,意識レベルの低下
意識消失(意識消失),神経系障害,意識消失,意識消失
意識障害(意識変容状態),神経系障害,意識障害,意識変容状態
異常感覚(異常感覚),神経系障害,異常感覚,異常感覚
運動障害(運動機能障害),神経系障害,運動障害,運動機能障害
運動障害(運動障害),神経系障害,運動障害,運動障害
感覚異常(感覚障害),神経系障害,感覚異常,感覚障害
感覚異常(感覚鈍麻),神経系障害,感覚異常,感覚鈍麻
眼振(眼振),神経系障害,眼振,眼振
顔面神経麻痺(顔面麻痺),神経系障害,顔面神経麻痺,顔面麻痺
顔面痙攣(顔面痙攣),神経系障害,顔面痙攣,顔面痙攣
記憶障害(記憶障害),神経系障害,記憶障害,記憶障害
起立障害(起立障害),神経系障害,起立障害,起立障害
起立不耐性(起立不耐性),神経系障害,起立不耐性,起立不耐性
急性散在性脳脊髄炎(ＡＤＥＭ)(急性散在性脳脊髄炎),神経系障害,急性散在性脳脊髄炎(ＡＤＥＭ),急性散在性脳脊髄炎
けいれん(強直性痙攣),神経系障害,けいれん,強直性痙攣
傾眠(傾眠),神経系障害,傾眠,傾眠
頚腕症候群(頚腕症候群),神経系障害,頚腕症候群,頚腕症候群
健忘(健忘),神経系障害,健忘,健忘
言語障害(言語障害),神経系障害,言語障害,言語障害
固定姿勢保持困難(固定姿勢保持困難),神経系障害,固定姿勢保持困難,固定姿勢保持困難
交感神経緊張(交感神経緊張),神経系障害,交感神経緊張,交感神経緊張
構音障害(構音障害),神経系障害,構音障害,構音障害
幻視・幻聴・錯覚(錯感覚),神経系障害,幻視・幻聴・錯覚,錯感覚
三叉神経障害(三叉神経障害),神経系障害,三叉神経障害,三叉神経障害
四肢不全麻痺(四肢不全麻痺),神経系障害,四肢不全麻痺,四肢不全麻痺
四肢麻痺(四肢麻痺),神経系障害,四肢麻痺,四肢麻痺
自律神経失調(自律神経失調),神経系障害,自律神経失調,自律神経失調
血管迷走神経反射_失神を伴う(失神),神経系障害,血管迷走神経反射_失神を伴う,失神
血管迷走神経反射(失神寸前の状態),神経系障害,血管迷走神経反射,失神寸前の状態
灼熱感(灼熱感),神経系障害,灼熱感,灼熱感
振戦(振戦),神経系障害,振戦,振戦
振動覚低下(振動覚低下),神経系障害,振動覚低下,振動覚低下
神経系障害(神経系障害),神経系障害,神経系障害,神経系障害
神経痛(神経痛),神経系障害,神経痛,神経痛
多発性硬化症(多発性硬化症),神経系障害,多発性硬化症,多発性硬化症
体位性めまい(体位性めまい),神経系障害,体位性めまい,体位性めまい
大脳静脈洞血栓症(大脳静脈洞血栓症),神経系障害,大脳静脈洞血栓症,大脳静脈洞血栓症
脱髄(脱髄),神経系障害,脱髄,脱髄
単麻痺(単麻痺),神経系障害,単麻痺,単麻痺
注意力障害(注意力障害),神経系障害,注意力障害,注意力障害
頭痛(頭痛),神経系障害,頭痛,頭痛
頭部不快感(頭部不快感),神経系障害,頭部不快感,頭部不快感
脳幹梗塞(脳幹梗塞),神経系障害,脳幹梗塞,脳幹梗塞
脳出血(脳幹出血),神経系障害,脳出血,脳幹出血
脳梗塞(脳梗塞),神経系障害,脳梗塞,脳梗塞
脳出血(脳出血),神経系障害,脳出血,脳出血
被殻出血(被殻出血),神経系障害,被殻出血,被殻出血
不随意性筋収縮(不随意性筋収縮),神経系障害,不随意性筋収縮,不随意性筋収縮
浮動性めまい(浮動性めまい),神経系障害,浮動性めまい,浮動性めまい
複合性局所疼痛症候群(複合性局所疼痛症候群),神経系障害,複合性局所疼痛症候群,複合性局所疼痛症候群
頭痛(片頭痛),神経系障害,頭痛,片頭痛
麻痺(麻痺),神経系障害,麻痺,麻痺
末梢神経障害(末梢性ニューロパチー),神経系障害,末梢神経障害,末梢性ニューロパチー
味覚障害(味覚障害),神経系障害,味覚障害,味覚障害
味覚不全(味覚不全),神経系障害,味覚不全,味覚不全
嗅覚錯誤(嗅覚錯誤),神経系障害,嗅覚錯誤,嗅覚錯誤
けいれん(痙攣発作),神経系障害,けいれん,痙攣発作
ネフローゼ症候群(ネフローゼ症候群),腎および尿路障害,ネフローゼ症候群,ネフローゼ症候群
腎機能障害・腎不全(急性腎障害),腎および尿路障害,腎機能障害・腎不全,急性腎障害
血尿(血尿),腎および尿路障害,血尿,血尿
蛋白尿(蛋白尿),腎および尿路障害,蛋白尿,蛋白尿
尿閉(尿閉),腎および尿路障害,尿閉,尿閉
尿路結石症(尿路結石),腎および尿路障害,尿路結石症,尿路結石
排尿障害(排尿困難),腎および尿路障害,排尿障害,排尿困難
多尿・頻尿(頻尿),腎および尿路障害,多尿・頻尿,頻尿
乏尿(乏尿),腎および尿路障害,乏尿,乏尿
性器出血(性器出血),生殖系および乳房障害,性器出血,性器出血
乳房腫瘤(乳房腫瘤),生殖系および乳房障害,乳房腫瘤,乳房腫瘤
ストレス(ストレス),精神障害,ストレス,ストレス
不安障害(パニック障害),精神障害,不安障害,パニック障害
パニック発作(パニック発作),精神障害,パニック発作,パニック発作
解離性障害(解離性障害),精神障害,解離性障害,解離性障害
凝視(凝視),精神障害,凝視,凝視
緊張(緊張),精神障害,緊張,緊張
不安症状(激越),精神障害,不安症状,激越
幻視・幻聴・錯覚(幻視),精神障害,幻視・幻聴・錯覚,幻視
幻視・幻聴・錯覚(錯覚),精神障害,幻視・幻聴・錯覚,錯覚
錯乱状態(錯乱状態),精神障害,錯乱状態,錯乱状態
睡眠障害(睡眠の質低下),精神障害,睡眠障害,睡眠の質低下
不眠症(中期不眠症),精神障害,不眠症,中期不眠症
不安症状(不安),精神障害,不安症状,不安
不安障害(不安障害),精神障害,不安障害,不安障害
気分障害(不快気分),精神障害,気分障害,不快気分
不眠症(不眠症),精神障害,不眠症,不眠症
落ち着きのなさ(落ち着きのなさ),精神障害,落ち着きのなさ,落ち着きのなさ
あざ(あざ),先天性、家族性および遺伝性障害,あざ,あざ
栄養障害(マラスムス),代謝および栄養障害,栄養障害,マラスムス
栄養障害(栄養補給障害),代謝および栄養障害,栄養障害,栄養補給障害
食欲減退(食欲減退),代謝および栄養障害,食欲減退,食欲減退
脱水(脱水),代謝および栄養障害,脱水,脱水
低カリウム血症(低カリウム血症),代謝および栄養障害,低カリウム血症,低カリウム血症
亜急性甲状腺炎(亜急性甲状腺炎),内分泌障害,亜急性甲状腺炎,亜急性甲状腺炎
アトピー性皮膚炎(アトピー性皮膚炎) ,皮膚および皮下組織障害,アトピー性皮膚炎,アトピー性皮膚炎
アレルギー性皮膚炎(アレルギー性皮膚炎) ,皮膚および皮下組織障害,アレルギー性皮膚炎,アレルギー性皮膚炎
そう痒症(そう痒症) ,皮膚および皮下組織障害,そう痒症,そう痒症
そう痒症(そう痒性皮疹) ,皮膚および皮下組織障害,そう痒症,そう痒性皮疹
ヘノッホ・シェーンライン紫斑病(ヘノッホ・シェーンライン紫斑病) ,皮膚および皮下組織障害,ヘノッホ・シェーンライン紫斑病,ヘノッホ・シェーンライン紫斑病
丘疹(丘疹) ,皮膚および皮下組織障害,丘疹,丘疹
血管浮腫(血管浮腫) ,皮膚および皮下組織障害,血管浮腫,血管浮腫
口周囲浮腫(口周囲浮腫) ,皮膚および皮下組織障害,口周囲浮腫,口周囲浮腫
皮疹・発疹・紅斑(紅斑) ,皮膚および皮下組織障害,皮疹・発疹・紅斑,紅斑
紫斑(紫斑) ,皮膚および皮下組織障害,紫斑,紫斑
湿疹(湿疹) ,皮膚および皮下組織障害,湿疹,湿疹
水疱(小水疱性皮疹) ,皮膚および皮下組織障害,水疱,小水疱性皮疹
寝汗(寝汗) ,皮膚および皮下組織障害,寝汗,寝汗
水疱(水疱) ,皮膚および皮下組織障害,水疱,水疱
接触皮膚炎(接触皮膚炎) ,皮膚および皮下組織障害,接触皮膚炎,接触皮膚炎
多汗症(多汗症) ,皮膚および皮下組織障害,多汗症,多汗症
脱毛症(脱毛症) ,皮膚および皮下組織障害,脱毛症,脱毛症
皮疹・発疹・紅斑(中毒性皮疹) ,皮膚および皮下組織障害,皮疹・発疹・紅斑,中毒性皮疹
点状出血(点状出血) ,皮膚および皮下組織障害,点状出血,点状出血
皮疹・発疹・紅斑(発疹) ,皮膚および皮下組織障害,皮疹・発疹・紅斑,発疹
皮疹・発疹・紅斑(斑状皮疹) ,皮膚および皮下組織障害,皮疹・発疹・紅斑,斑状皮疹
皮下出血(皮下出血) ,皮膚および皮下組織障害,皮下出血,皮下出血
皮膚炎(皮膚炎) ,皮膚および皮下組織障害,皮膚炎,皮膚炎
皮膚症状(皮膚症状) ,皮膚および皮下組織障害,皮膚症状,皮膚症状
皮膚粘膜眼症候群(皮膚粘膜眼症候群) ,皮膚および皮下組織障害,皮膚粘膜眼症候群,皮膚粘膜眼症候群
皮膚反応(皮膚反応) ,皮膚および皮下組織障害,皮膚反応,皮膚反応
皮膚不快感(皮膚不快感) ,皮膚および皮下組織障害,皮膚不快感,皮膚不快感
皮膚変色(皮膚変色) ,皮膚および皮下組織障害,皮膚変色,皮膚変色
皮膚疼痛(皮膚疼痛) ,皮膚および皮下組織障害,皮膚疼痛,皮膚疼痛
網状皮斑(網状皮斑) ,皮膚および皮下組織障害,網状皮斑,網状皮斑
薬疹(薬疹) ,皮膚および皮下組織障害,薬疹,薬疹
冷汗(冷汗) ,皮膚および皮下組織障害,冷汗,冷汗
痒疹(痒疹) ,皮膚および皮下組織障害,痒疹,痒疹
蕁麻疹(蕁麻疹) ,皮膚および皮下組織障害,蕁麻疹,蕁麻疹
過敏症(１型過敏症) ,免疫系障害,過敏症,１型過敏症
アナフィラキシー(アナフィラキシーショック) ,免疫系障害,アナフィラキシー,アナフィラキシーショック
アナフィラキシー(アナフィラキシー反応) ,免疫系障害,アナフィラキシー,アナフィラキシー反応
アナフィラキシー(アナフィラキシー様反応) ,免疫系障害,アナフィラキシー,アナフィラキシー様反応
ワクチンアレルギー(ワクチンアレルギー) ,免疫系障害,ワクチンアレルギー,ワクチンアレルギー
過敏症(過敏症) ,免疫系障害,過敏症,過敏症
感作(感作) ,免疫系障害,感作,感作
血清病(血清病) ,免疫系障害,血清病,血清病
免疫反応(免疫反応) ,免疫系障害,免疫反応,免疫反応
薬疹(薬物過敏症) ,免疫系障害,薬疹,薬物過敏症
悪性リンパ腫(リンパ腫) ,良性、悪性および詳細不明の新生物（嚢胞およびポリープを含む）,悪性リンパ腫,リンパ腫
急性リンパ性白血病(急性リンパ性白血病) ,良性、悪性および詳細不明の新生物（嚢胞およびポリープを含む）,急性リンパ性白血病,急性リンパ性白血病
悪性新生物(新生物) ,良性、悪性および詳細不明の新生物（嚢胞およびポリープを含む）,悪性新生物,新生物
CRP値の異常(Ｃ－反応性蛋白増加) ,臨床検査,CRP値の異常,Ｃ－反応性蛋白増加
肝酵素上昇(γ－グルタミルトランスフェラーゼ増加) ,臨床検査,肝酵素上昇,γ－グルタミルトランスフェラーゼ増加
リンパ球数増加(リンパ球数増加) ,臨床検査,リンパ球数増加,リンパ球数増加
握力低下(握力低下) ,臨床検査,握力低下,握力低下
肝酵素上昇(肝酵素上昇) ,臨床検査,肝酵素上昇,肝酵素上昇
筋酵素上昇(筋酵素上昇) ,臨床検査,筋酵素上昇,筋酵素上昇
血圧異常(血圧異常) ,臨床検査,血圧異常,血圧異常
血圧上昇(血圧上昇) ,臨床検査,血圧上昇,血圧上昇
血圧測定不能(血圧測定不能) ,臨床検査,血圧測定不能,血圧測定不能
血圧低下(血圧低下) ,臨床検査,血圧低下,血圧低下
血小板凝集異常(血小板凝集異常) ,臨床検査,血小板凝集異常,血小板凝集異常
血中LDH上昇(血中乳酸脱水素酵素増加) ,臨床検査,血中LDH上昇,血中乳酸脱水素酵素増加
呼吸音異常(呼吸音異常) ,臨床検査,呼吸音異常,呼吸音異常
呼吸数増加(呼吸数増加) ,臨床検査,呼吸数増加,呼吸数増加
酸素飽和度異常(酸素飽和度低下) ,臨床検査,酸素飽和度異常,酸素飽和度低下
頻脈(心拍数増加) ,臨床検査,頻脈,心拍数増加
発熱(体温上昇) ,臨床検査,発熱,体温上昇
体重減少(体重減少) ,臨床検査,体重減少,体重減少
尿潜血(尿潜血) ,臨床検査,尿潜血,尿潜血
尿量減少(尿量減少) ,臨床検査,尿量減少,尿量減少
白血球数減少(白血球数減少) ,臨床検査,白血球数減少,白血球数減少
脈拍異常(脈拍異常) ,臨床検査,脈拍異常,脈拍異常
脈拍異常(脈拍欠損) ,臨床検査,脈拍異常,脈拍欠損
脈拍異常(橈骨動脈脈拍異常) ,臨床検査,脈拍異常,橈骨動脈脈拍異常
